Workbook

Sheet Main sheet
A1: Region | B1: No. of hospitals | C1: Physicians (dentists excluded) | D1: Family doctors | E1: Number of the beds from sanitary units | F1: Number of deaths | G1: Sterge's rule | H1: =LOG(30,2)+1 -> 5.9068906 | I1: n(sample size)=
A2: Bistrita-Nasaud | B2: 4 | C2: 504 | D2: 133 | E2: 1520 | F2: 3500 | G2: bins | H2: 6 | I2: Sturges=1+3.3*log(30)
A3: Cluj | B3: 37 | C3: 4383 | D3: 491 | E3: 7142 | F3: 8697 | G3: Coments on tasks
A4: Maramures | B4: 15 | C4: 948 | D4: 244 | E4: 2920 | F4: 5995 | G4: 4
A5: Satu Mare | B5: 6 | C5: 630 | D5: 174 | E5: 1804 | F5: 4485
A6: Salaj | B6: 6 | C6: 456 | D6: 108 | E6: 1303 | F6: 3161 | G6: 5
A7: Alba | B7: 11 | C7: 672 | D7: 166 | E7: 2087 | F7: 4646
A8: Brasov | B8: 23 | C8: 2035 | D8: 400 | E8: 3877 | F8: 6981 | G8: 6
A9: Covasna | B9: 4 | C9: 436 | D9: 91 | E9: 1810 | F9: 2756
A10: Harghita | B10: 7 | C10: 620 | D10: 162 | E10: 1966 | F10: 3924 | G10: 7
A11: Mures | B11: 16 | C11: 2984 | D11: 387 | E11: 4160 | F11: 7686
A12: Sibiu | B12: 12 | C12: 1561 | D12: 317 | E12: 2814 | F12: 4836 | G12: 8
A13: Bacau | B13: 16 | C13: 1065 | D13: 250 | E13: 3391 | F13: 9129
A14: Botosani | B14: 4 | C14: 674 | D14: 153 | E14: 2191 | F14: 5729
A15: Iasi | B15: 29 | C15: 5294 | D15: 542 | E15: 7575 | F15: 9282
A16: Neamt | B16: 7 | C16: 862 | D16: 238 | E16: 2340 | F16: 7195
A17: Suceava | B17: 14 | C17: 984 | D17: 256 | E17: 3091 | F17: 8053
A18: Vaslui | B18: 5 | C18: 543 | D18: 141 | E18: 1951 | F18: 5577 | G18: Population Covariance
A19: Braila | B19: 5 | C19: 565 | D19: 137 | E19: 1952 | F19: 5189 | H19: No. of hospitals | I19: Physicians (dentists excluded) | J19: Family doctors | K19: No. of the beds from sanitary units | L19: No. of deaths
A20: Buzau | B20: 9 | C20: 629 | D20: 193 | E20: 2581 | F20: 6977 | G20: No. of hospitals | H20: =VARP('Main sheet'!$B$2:$B$31) -> 69.662222
A21: Constanta | B21: 20 | C21: 2608 | D21: 441 | E21: 4485 | F21: 9203 | G21: Physicians (dentists excluded) | H21: 8451.7333 | I21: =VARP('Main sheet'!$C$2:$C$31) -> 1384993.7
A22: Galati | B22: 10 | C22: 1203 | D22: 297 | E22: 2965 | F22: 7431 | G22: Family doctors | H22: 952.03111 | I22: 133637.53 | J22: =VARP('Main sheet'!$D$2:$D$31) -> 15601.966
A23: Tulcea | B23: 4 | C23: 321 | D23: 80 | E23: 831 | F23: 3160 | G23: Number of the beds from sanitary units | H23: 12539.607 | I23: 1778686.4 | J23: 190248.02 | K23: =VARP('Main sheet'!$E$2:$E$31) -> 2577893.8
A24: Vrancea | B24: 7 | C24: 523 | D24: 141 | E24: 1327 | F24: 4842 | G24: Number of deaths | H24: 13455.476 | I24: 1523977.8 | J24: 213901.55 | K24: 2678024 | L24: =VARP('Main sheet'!$F$2:$F$31) -> 4520848
A25: Arges | B25: 17 | C25: 1538 | D25: 335 | E25: 3619 | F25: 8193 | G25: Sample Covariance
A26: Calarasi | B26: 6 | C26: 347 | D26: 108 | E26: 1211 | F26: 4623 | H26: No. of hospitals | I26: Physicians (dentists excluded) | J26: Family doctors | K26: No. of the beds from sanitary units | L26: No. of deaths
A27: Dambovita | B27: 4 | C27: 604 | D27: 211 | E27: 2357 | F27: 6873 | G27: No. of hospitals | H27: =_xlfn.COVARIANCE.S(B2:B31,B2:B31) -> 72.064368
A28: Giurgiu | B28: 4 | C28: 313 | D28: 102 | E28: 831 | F28: 4418 | G28: Physicians (dentists excluded) | H28: =_xlfn.COVARIANCE.S(B2:B31,C2:C31) -> 8743.1724 | I28: =_xlfn.COVARIANCE.S(C2:C31,C2:C31) -> 1432752.1
A29: Ialomita | B29: 4 | C29: 360 | D29: 106 | E29: 859 | F29: 4087 | G29: Family doctors | H29: =_xlfn.COVARIANCE.S(B2:B31,D2:D31) -> 984.85977 | I29: =_xlfn.COVARIANCE.S(C2:C31,D2:D31) -> 138245.72 | J29: =_xlfn.COVARIANCE.S(D2:D31,D2:D31) -> 16139.964
A30: Prahova | B30: 25 | C30: 1197 | D30: 362 | E30: 4415 | F30: 11195 | G30: No. of the beds from sanitary units | H30: =_xlfn.COVARIANCE.S(B2:B31,E2:E31) -> 12972.007 | I30: =_xlfn.COVARIANCE.S(C2:C31,E2:E31) -> 1840020.4 | J30: =_xlfn.COVARIANCE.S(D2:D31,E2:E31) -> 196808.3 | K30: =_xlfn.COVARIANCE.S(E2:E31,E2:E31) -> 2666786.7
A31: Teleorman | B31: 7 | C31: 481 | D31: 153 | E31: 1913 | F31: 6286 | G31: No. of deaths | H31: =_xlfn.COVARIANCE.S(F2:F31,B2:B31) -> 13919.457 | I31: =_xlfn.COVARIANCE.S(C2:C31,F2:F31) -> 1576528.7 | J31: =_xlfn.COVARIANCE.S(D2:D31,F2:F31) -> 221277.47 | K31: =_xlfn.COVARIANCE.S(E2:E31,F2:F31) -> 2770369.6 | L31: =_xlfn.COVARIANCE.S(F2:F31,F2:F31) -> 4676739.3
G32: Coefficient of Correlation(Correlation matrix)
H33: No. of hospitals | I33: Physicians (dentists excluded) | J33: Family doctors | K33: Number of the beds from sanitary units | L33: Number of deaths
G34: No. of hospitals | H34: 1
G35: Physicians (dentists excluded) | H35: 0.86044523 | I35: 1
G36: Family doctors | H36: 0.91319352 | I36: 0.90910679 | J36: 1
G37: Number of the beds from sanitary units | H37: 0.93573471 | I37: 0.94133235 | J37: 0.94863244 | K37: 1
G38: Number of deaths | H38: 0.75821162 | I38: 0.60903855 | J38: 0.80540502 | K38: 0.78446216 | L38: 1

Sheet Hospitals
A1: No. of hospitals | B1: No. of hospitals | D1: upper limit | E1: bin label | G1: Q1 | H1: =QUARTILE(A2:A31,1) -> 5
A2: 4 | D2: 9 | E2: (4-9) | G2: Q3 | H2: =QUARTILE(A2:A31,3) -> 15.75 | L2: Central Tendency Measures:
A3: 37 | B3: Mean | C3: 11.266667 | D3: 15 | E3: (10-15) | G3: IRQ | H3: =H2-H1 -> 10.75 | L3: Means:
A4: 15 | B4: Standard Error | C4: 1.5498857 | D4: 21 | E4: (16-21) | G4: Lower Bound | H4: =H1-1.5*H3 -> -11.125 | L4: Arithmetic: | M4: =AVERAGE(A2:A31) -> 11.266667
A5: 6 | B5: Median | C5: 7 | D5: 27 | E5: (22-27) | G5: Upper Bound | H5: =H2+1.5*H3 -> 31.875 | L5: Harmonic: | M5: =HARMEAN(A2:A31) -> 7.2750396
A6: 6 | B6: Mode | C6: 4 | D6: 32 | E6: (28-32) | G6: Outliers | H6: Cluj | I6: 37 | L6: Geometric: | M6: =GEOMEAN(A2:A31) -> 8.8812535
A7: 11 | B7: Standard Deviation | C7: 8.4890734 | D7: 37 | E7: (32-37) | L7: Quadratic: | M7: =SQRT(AVERAGE(A2:A31)) -> 3.3565856
A8: 23 | B8: Sample Variance | C8: 72.064368
A9: 4 | B9: Kurtosis | C9: 1.7787925
A10: 7 | B10: Skewness | C10: 1.4507252
A11: 16 | B11: Range | C11: 33
A12: 12 | B12: Minimum | C12: 4
A13: 16 | B13: Maximum | C13: 37
A14: 4 | B14: Sum | C14: 338
A15: 29 | B15: Count | C15: 30
A16: 7
A17: 14 | B17: Bin | C17: Frequency
A18: 5 | B18: (4-9) | C18: 16
A19: 5 | B19: (10-15) | C19: 5
A20: 9 | B20: (16-21) | C20: 4
A21: 20 | B21: (22-27) | C21: 2
A22: 10 | B22: (28-32) | C22: 1
A23: 4 | B23: (32-37) | C23: 1
A24: 7 | B24: More | C24: 0
A25: 17
A26: 6 | I26: class size | J26: =C11/C15 -> 1.1
A27: 4
A28: 4
A29: 4
A30: 25
A31: 7

Sheet Physicians
A1: Physicians (dentists excluded) | B1: Physicians (dentists excluded) | D1: bin | E1: bin labels
A2: 504 | D2: 436 | E2: (313-436)
A3: 4383 | B3: Mean | C3: 1178 | D3: 543 | E3: (456-543)
A4: 948 | B4: Standard Error | C4: 218.53696 | D4: 630 | E4: (565-630)
A5: 630 | B5: Median | C5: 651 | D5: 984 | E5: (672-984)
A6: 456 | B6: Mode | C6: none | D6: 1561 | E6: (1065-1561)
A7: 672 | B7: Standard Deviation | C7: 1196.9762 | D7: 5294 | E7: (2035-5294)
A8: 2035 | B8: Sample Variance | C8: 1432752.1
A9: 436 | B9: Kurtosis | C9: 5.1760862 | E9: bin labels | F9: Frequency
A10: 620 | B10: Skewness | C10: 2.2965404 | E10: (313-436) | F10: 5
A11: 2984 | B11: Range | C11: 4981 | E11: (456-543) | F11: 5
A12: 1561 | B12: Minimum | C12: 313 | E12: (565-630) | F12: 5
A13: 1065 | B13: Maximum | C13: 5294 | E13: (672-984) | F13: 5
A14: 674 | B14: Sum | C14: 35340 | E14: (1065-1561) | F14: 5
A15: 5294 | B15: Count | C15: 30 | E15: (2035-5294) | F15: 5
A16: 862 | E16: More | F16: 0
A17: 984
A18: 543
A19: 565
A20: 629 | G20: Central Tendency Measures: | J20: Q1 | K20: =QUARTILE(A2:A31,1) -> 508.75
A21: 2608 | G21: Means: | J21: Q3 | K21: =QUARTILE(A2:A31,3) -> 1201.5
A22: 1203 | G22: Arithmetic: | H22: =AVERAGE(A2:A31) -> 1178 | J22: IRQ | K22: =K21-K20 -> 692.75
A23: 321 | G23: Harmonic: | H23: =HARMEAN(A2:A31) -> 678.50062 | J23: Lower Bound | K23: =K20-1.5*K22 -> -530.375
A24: 523 | G24: Geometric: | H24: =GEOMEAN(A2:A31) -> 847.95036 | J24: Upper Bound | K24: =K21+1.5*K22 -> 2240.625
A25: 1538 | G25: Quadratic: | H25: =SQRT(AVERAGE(A2:A31)) -> 34.322005 | J25: Outliers | K25: Cluj | L25: 4383
A26: 347 | K26: Mures | L26: 2984
A27: 604 | K27: Iasi | L27: 5294
A28: 313 | K28: Constanta | L28: 2608
A29: 360
A30: 1197 | D30: class size | E30: 1.1
A31: 481

Sheet Family doctors
A1: Family doctors | B1: Family doctors | D1: bin | E1: bins label
A2: 133 | D2: 108 | E2: (80-108)
A3: 491 | B3: Mean | C3: 230.63333 | D3: 141 | E3: (133-141) | M3: Central Tendency Measures:
A4: 244 | B4: Standard Error | C4: 23.194801 | D4: 174 | E4: (153-174) | M4: Means:
A5: 174 | B5: Median | C5: 183.5 | D5: 250 | E5: (193-250) | G5: c | M5: Arithmetic: | N5: =AVERAGE(A2:A31) -> 230.63333
A6: 108 | B6: Mode | C6: 108 | D6: 362 | E6: (256-362) | G6: (80-108) | M6: Harmonic: | N6: =HARMEAN(A2:A31) -> 175.54831
A7: 166 | B7: Standard Deviation | C7: 127.04316 | D7: 542 | E7: (387-542) | G7: (133-141) | M7: Geometric: | N7: =GEOMEAN(A2:A31) -> 200.421
A8: 400 | B8: Sample Variance | C8: 16139.964 | G8: (153-174) | M8: Quadratic: | N8: =SQRT(AVERAGE(A2:A31)) -> 15.186617
A9: 91 | B9: Kurtosis | C9: -0.05611705 | G9: (193-250)
A10: 162 | B10: Skewness | C10: 0.92502324 | G10: (256-362) | M10: Q1 | N10: =QUARTILE(A2:A31,1) -> 138
A11: 387 | B11: Range | C11: 462 | G11: (387-542) | M11: Q3 | N11: =QUARTILE(A2:A31,3) -> 312
A12: 317 | B12: Minimum | C12: 80 | M12: IRQ | N12: =N11-N10 -> 174
A13: 250 | B13: Maximum | C13: 542 | M13: Lower Bound | N13: =N10-1.5*N12 -> -123
A14: 153 | B14: Sum | C14: 6919 | M14: Upper Bound | N14: =N11+1.5*N12 -> 573
A15: 542 | B15: Count | C15: 30 | M15: Outliers | N15: NONE
A16: 238
A17: 256
A18: 141
A19: 137 | B19: bins label | C19: Frequency
A20: 193 | B20: (80-108) | C20: 4
A21: 441 | B21: (133-141) | C21: 1
A22: 297 | B22: (153-174) | C22: 1
A23: 80 | B23: (193-250) | C23: 1
A24: 141 | B24: (256-362) | C24: 2
A25: 335 | B25: (387-542) | C25: 0
A26: 108 | B26: More | C26: 0
A27: 211
A28: 102
A29: 106
A30: 362 | C30: class size | D30: =C11/C15 -> 15.4
A31: 153

Sheet Sanitary beds
A1: Number of the beds from sanitary units | B1: Number of the beds from sanitary units | D1: bin | E1: bin labels
A2: 1520 | D2: 1303 | E2: (831-1303) | G2: Central Tendency Measures: | L2: Q1 | M2: =QUARTILE(A2:A31,1) -> 1805.5
A3: 7142 | B3: Mean | C3: 2709.6 | D3: 1913 | E3: (1327-1913) | G3: Means: | L3: Q3 | M3: =QUARTILE(A2:A31,3) -> 3316
A4: 2920 | B4: Standard Error | C4: 298.14911 | D4: 2191 | E4: (1951-2191) | G4: Arithmetic: | H4: =AVERAGE(A2:A31) -> 2709.6 | L4: IRQ | M4: =M3-M2 -> 1510.5
A5: 1804 | B5: Median | C5: 2265.5 | D5: 2920 | E5: (2340-2920) | G5: Harmonic: | H5: =HARMEAN(A2:A31) -> 1991.6465 | L5: Lower Bound | M5: =M2-1.5*M4 -> -460.25
A6: 1303 | B6: Mode | C6: 831 | D6: 3877 | E6: (2965-3877) | G6: Geometric: | H6: =GEOMEAN(A2:A31) -> 2319.6563 | L6: Upper Bound | M6: =M3+1.5*M4 -> 5581.75
A7: 2087 | B7: Standard Deviation | C7: 1633.0299 | D7: 7575 | E7: (4160-7575) | G7: Quadratic: | H7: =SQRT(AVERAGE(A2:A31)) -> 52.053818 | L7: Outliers | M7: Neamt | N7: 7575
A8: 3877 | B8: Sample Variance | C8: 2666786.7 | M8: Maramures | N8: 7142
A9: 1810 | B9: Kurtosis | C9: 2.7833573
A10: 1966 | B10: Skewness | C10: 1.5677346
A11: 4160 | B11: Range | C11: 6744
A12: 2814 | B12: Minimum | C12: 831
A13: 3391 | B13: Maximum | C13: 7575
A14: 2191 | B14: Sum | C14: 81288
A15: 7575 | B15: Count | C15: 30
A16: 2340
A17: 3091 | B17: bin labels | C17: Frequency
A18: 1951 | B18: (831-1303) | C18: 5
A19: 1952 | B19: (1327-1913) | C19: 5
A20: 2581 | B20: (1951-2191) | C20: 5
A21: 4485 | B21: (2340-2920) | C21: 5
A22: 2965 | B22: (2965-3877) | C22: 5
A23: 831 | B23: (4160-7575) | C23: 5
A24: 1327 | B24: More | C24: 0
A25: 3619 | F25: class size | G25: =C11/C15 -> 224.8
A26: 1211
A27: 2357
A28: 831
A29: 859
A30: 4415
A31: 1913

Sheet Deaths
A1: Number of deaths | B1: Number of deaths | M1: Q1 | N1: =QUARTILE(A2:A31,1) -> 4519.5
A2: 3500 | M2: Q3 | N2: =QUARTILE(A2:A31,3) -> 7622.25
A3: 8697 | B3: Mean | C3: 6136.9667 | D3: bin labels | E3: Frequency | M3: IRQ | N3: =N2-N1 -> 3102.75
A4: 5995 | B4: Standard Error | C4: 394.83073 | D4: (2766-3924) | E4: 5 | M4: Lower Bound | N4: =N1-1.5*N3 -> -134.625
A5: 4485 | B5: Median | C5: 5862 | D5: (4087-4646) | E5: 5 | M5: Upper Bound | N5: =N2+1.5*N3 -> 12276.375
A6: 3161 | B6: Mode | C6: none | D6: (4836-5729) | E6: 5 | M6: Outliers | N6: Cluj | O6: 7142
A7: 4646 | B7: Standard Deviation | C7: 2162.577 | D7: (5995-6981) | E7: 5 | N7: Iasi | O7: 7575
A8: 6981 | B8: Sample Variance | C8: 4676739.3 | D8: (7195-8193) | E8: 5
A9: 2756 | B9: Kurtosis | C9: -0.58928328 | D9: (8697-11195) | E9: 5
A10: 3924 | B10: Skewness | C10: 0.38819806 | D10: More | E10: 0
A11: 7686 | B11: Range | C11: 8439
A12: 4836 | B12: Minimum | C12: 2756
A13: 9129 | B13: Maximum | C13: 11195
A14: 5729 | B14: Sum | C14: 184109
A15: 9282 | B15: Count | C15: 30
A16: 7195 | K16: Central Tendency Measures:
A17: 8053 | B17: bin | C17: bin labels | K17: Means:
A18: 5577 | B18: 3924 | C18: (2766-3924) | K18: Arithmetic: | L18: =AVERAGE(A2:A31) -> 6136.9667
A19: 5189 | B19: 4646 | C19: (4087-4646) | K19: Harmonic: | L19: =HARMEAN(A2:A31) -> 5395.9409
A20: 6977 | B20: 5729 | C20: (4836-5729) | K20: Geometric: | L20: =GEOMEAN(A2:A31) -> 5763.9124
A21: 9203 | B21: 6981 | C21: (5995-6981) | K21: Quadratic: | L21: =SQRT(AVERAGE(A2:A31)) -> 78.338794
A22: 7431 | B22: 8193 | C22: (7195-8193)
A23: 3160 | B23: 11195 | C23: (8697-11195)
A24: 4842
A25: 8193 | D25: class size | E25: =C11/C15 -> 281.3
A26: 4623
A27: 6873
A28: 4418
A29: 4087
A30: 11195
A31: 6286

Sheet Scatter Diagram
A17: Considering that as the doctors increase ,the beds increase as well,it's a positive association. | G17: correlation

Sheet Spearman
A1: No. of hospitals | B1: Physicians (dentists excluded) | C1: Region | D1: Rx | E1: Ry | F1: di | G1: di2 | J1: Spearman correlation | K1: =CORREL(D2:D11,E2:E11) -> 0.93904185 | L1: (strong correlation)
A2: 4 | B2: 504 | C2: Bistrita-Nasaud | D2: =_xlfn.RANK.AVG(A2,$A$2:$A$11,1) -> 1.5 | E2: =_xlfn.RANK.AVG(B2,$B$2:$B$11,1) -> 3 | F2: =D2-E2 -> -1.5 | G2: =F2^2 -> 2.25 | J2: Pearson correlation | K2: =CORREL(A2:A11,B2:B11) -> 0.9169948
A3: 37 | B3: 4383 | C3: Cluj | D3: =_xlfn.RANK.AVG(A3,$A$2:$A$11,1) -> 10 | E3: =_xlfn.RANK.AVG(B3,$B$2:$B$11,1) -> 10 | F3: =D3-E3 -> 0 | G3: =F3^2 -> 0 | J3: Spearman correlation coefficient | K3: =1-(6*10)/(10*99) -> 0.93939394 | L3: (strong correlation)
A4: 15 | B4: 948 | C4: Maramures | D4: =_xlfn.RANK.AVG(A4,$A$2:$A$11,1) -> 7 | E4: =_xlfn.RANK.AVG(B4,$B$2:$B$11,1) -> 7 | F4: =D4-E4 -> 0 | G4: =F4^2 -> 0 | J4: N | K4: 10
A5: 6 | B5: 630 | C5: Satu Mare | D5: =_xlfn.RANK.AVG(A5,$A$2:$A$11,1) -> 3.5 | E5: =_xlfn.RANK.AVG(B5,$B$2:$B$11,1) -> 5 | F5: =D5-E5 -> -1.5 | G5: =F5^2 -> 2.25 | J5: T statistic | K5: =(ABS(K1)*SQRT(K4-2))/(SQRT(1-ABS(K1)^2)) -> 7.7253907
A6: 6 | B6: 456 | C6: Salaj | D6: =_xlfn.RANK.AVG(A6,$A$2:$A$11,1) -> 3.5 | E6: =_xlfn.RANK.AVG(B6,$B$2:$B$11,1) -> 2 | F6: =D6-E6 -> 1.5 | G6: =F6^2 -> 2.25 | J6: Degrees of freedom | K6: 8
A7: 11 | B7: 672 | C7: Alba | D7: =_xlfn.RANK.AVG(A7,$A$2:$A$11,1) -> 6 | E7: =_xlfn.RANK.AVG(B7,$B$2:$B$11,1) -> 6 | F7: =D7-E7 -> 0 | G7: =F7^2 -> 0 | J7: p value | K7: =TDIST(K5,K6,2) -> 5.6101819e-05
A8: 23 | B8: 2035 | C8: Brasov | D8: =_xlfn.RANK.AVG(A8,$A$2:$A$11,1) -> 9 | E8: =_xlfn.RANK.AVG(B8,$B$2:$B$11,1) -> 8 | F8: =D8-E8 -> 1 | G8: =F8^2 -> 1
A9: 4 | B9: 436 | C9: Covasna | D9: =_xlfn.RANK.AVG(A9,$A$2:$A$11,1) -> 1.5 | E9: =_xlfn.RANK.AVG(B9,$B$2:$B$11,1) -> 1 | F9: =D9-E9 -> 0.5 | G9: =F9^2 -> 0.25
A10: 7 | B10: 620 | C10: Harghita | D10: =_xlfn.RANK.AVG(A10,$A$2:$A$11,1) -> 5 | E10: =_xlfn.RANK.AVG(B10,$B$2:$B$11,1) -> 4 | F10: =D10-E10 -> 1 | G10: =F10^2 -> 1
A11: 16 | B11: 2984 | C11: Mures | D11: =_xlfn.RANK.AVG(A11,$A$2:$A$11,1) -> 8 | E11: =_xlfn.RANK.AVG(B11,$B$2:$B$11,1) -> 9 | F11: =D11-E11 -> -1 | G11: =F11^2 -> 1

Sheet Kendall
A1: No. of hospitals | B1: Physicians (dentists excluded) | C1: Region | D1: Concordant | E1: Discordant | H1: Rule
A2: 4 | B2: 504 | C2: Bistrita-Nasaud | D2: 7 | E2: 1 | H2: concordant if (xi > xj and yi > yj) or (xi < xj and yi < yj)
A3: 37 | B3: 4383 | C3: Cluj | D3: 9 | E3: 0 | H3: discordant if (xi > xj and yi < yj) or (xi < xj and yi > yj)
A4: 15 | B4: 948 | C4: Maramures | D4: 9 | E4: 0 | H4: neither if xi = xj or yi = yj (i.e. ties are not counted).
A5: 6 | B5: 630 | C5: Satu Mare | D5: 7 | E5: 1
A6: 6 | B6: 456 | C6: Salaj | D6: 7 | E6: 1
A7: 11 | B7: 672 | C7: Alba | D7: 9 | E7: 0
A8: 23 | B8: 2035 | C8: Brasov | D8: 8 | E8: 1 | H8: Kendall’s Tau | I8: 0.86046512 | J8: (very strong positive correlation), if the correlation is between 0.8-1
A9: 4 | B9: 436 | C9: Covasna | D9: 8 | E9: 0
A10: 7 | B10: 620 | C10: Harghita | D10: 8 | E10: 1
A11: 16 | B11: 2984 | C11: Mures | D11: 8 | E11: 1
D12: 80 | E12: 6 | F12: SUM
